{
  "id": "",
  "name": "",
  "font_family": "iconfont",
  "css_prefix_text": "icon-",
  "description": "",
  "glyphs": [
    {
      "icon_id": "11372639",
      "name": "爱心",
      "font_class": "aixin",
      "unicode": "e8ab",
      "unicode_decimal": 59563
    },
    {
      "icon_id": "11372648",
      "name": "成功",
      "font_class": "chenggong",
      "unicode": "e8ad",
      "unicode_decimal": 59565
    },
    {
      "icon_id": "11372657",
      "name": "电影票",
      "font_class": "dianyingpiao",
      "unicode": "e8ae",
      "unicode_decimal": 59566
    }
  ]
}
